NOME,DESTAQUE_IPV_2020
ALUNO-1,Seu destaque em 2020: A sua boa integração aos Princípios Passos Mágicos.
ALUNO-2,
ALUNO-3,Seu destaque em 2020: A sua boa integração aos Princípios Passos Mágicos.
ALUNO-4,Ponto a melhorar em 2021: Integrar-se mais aos Princípios Passos Mágicos.
ALUNO-5,Seu destaque em 2020: A sua boa integração aos Princípios Passos Mágicos.
ALUNO-6,
ALUNO-7,
ALUNO-8,Seu destaque em 2020: A sua boa integração aos Princípios Passos Mágicos.
ALUNO-9,
ALUNO-10,Seu destaque em 2020: A sua boa integração aos Princípios Passos Mágicos.
ALUNO-11,Seu destaque em 2020: A sua boa integração aos Princípios Passos Mágicos.
ALUNO-12,Ponto a melhorar em 2021: Integrar-se mais aos Princípios Passos Mágicos.
ALUNO-13,
ALUNO-14,Seu destaque em 2020: A sua boa integração aos Princípios Passos Mágicos.
ALUNO-15,Ponto a melhorar em 2021: Integrar-se mais aos Princípios Passos Mágicos.
ALUNO-16,
ALUNO-17,Ponto a melhorar em 2021: Integrar-se mais aos Princípios Passos Mágicos.
ALUNO-18,Ponto a melhorar em 2021: Integrar-se mais aos Princípios Passos Mágicos.
ALUNO-19,
ALUNO-20,
ALUNO-21,
ALUNO-22,
ALUNO-23,
ALUNO-24,
ALUNO-25,
ALUNO-26,
ALUNO-27,
ALUNO-28,Seu destaque em 2020: A sua boa integração aos Princípios Passos Mágicos.
ALUNO-29,
ALUNO-30,Seu destaque em 2020: A sua boa integração aos Princípios Passos Mágicos.
ALUNO-31,
ALUNO-32,
ALUNO-33,Seu destaque em 2020: A sua boa integração aos Princípios Passos Mágicos.
ALUNO-34,Ponto a melhorar em 2021: Integrar-se mais aos Princípios Passos Mágicos.
ALUNO-35,Ponto a melhorar em 2021: Integrar-se mais aos Princípios Passos Mágicos.
ALUNO-36,Ponto a melhorar em 2021: Integrar-se mais aos Princípios Passos Mágicos.
ALUNO-37,Seu destaque em 2020: A sua boa integração aos Princípios Passos Mágicos.
ALUNO-38,
ALUNO-39,Seu destaque em 2020: A sua boa integração aos Princípios Passos Mágicos.
ALUNO-40,
ALUNO-41,Ponto a melhorar em 2021: Integrar-se mais aos Princípios Passos Mágicos.
ALUNO-42,
ALUNO-43,Seu destaque em 2020: A sua boa integração aos Princípios Passos Mágicos.
ALUNO-44,Seu destaque em 2020: A sua boa integração aos Princípios Passos Mágicos.
ALUNO-45,Ponto a melhorar em 2021: Integrar-se mais aos Princípios Passos Mágicos.
ALUNO-46,Seu destaque em 2020: A sua boa integração aos Princípios Passos Mágicos.
ALUNO-47,
ALUNO-48,
ALUNO-49,
ALUNO-50,
ALUNO-51,Seu destaque em 2020: A sua boa integração aos Princípios Passos Mágicos.
ALUNO-52,Seu destaque em 2020: A sua boa integração aos Princípios Passos Mágicos.
ALUNO-53,Seu destaque em 2020: A sua boa integração aos Princípios Passos Mágicos.
ALUNO-54,
ALUNO-55,Ponto a melhorar em 2021: Integrar-se mais aos Princípios Passos Mágicos.
ALUNO-56,
ALUNO-57,Seu destaque em 2020: A sua boa integração aos Princípios Passos Mágicos.
ALUNO-58,
ALUNO-59,Seu destaque em 2020: A sua boa integração aos Princípios Passos Mágicos.
ALUNO-60,Ponto a melhorar em 2021: Integrar-se mais aos Princípios Passos Mágicos.
ALUNO-61,Ponto a melhorar em 2021: Integrar-se mais aos Princípios Passos Mágicos.
ALUNO-62,Ponto a melhorar em 2021: Integrar-se mais aos Princípios Passos Mágicos.
ALUNO-63,
ALUNO-64,
ALUNO-65,
ALUNO-66,
ALUNO-67,
ALUNO-68,Ponto a melhorar em 2021: Integrar-se mais aos Princípios Passos Mágicos.
ALUNO-69,
ALUNO-70,
ALUNO-71,Ponto a melhorar em 2021: Integrar-se mais aos Princípios Passos Mágicos.
ALUNO-72,
ALUNO-73,
ALUNO-74,
ALUNO-75,Seu destaque em 2020: A sua boa integração aos Princípios Passos Mágicos.
ALUNO-76,Seu destaque em 2020: A sua boa integração aos Princípios Passos Mágicos.
ALUNO-77,
ALUNO-78,Ponto a melhorar em 2021: Integrar-se mais aos Princípios Passos Mágicos.
ALUNO-79,
ALUNO-80,Seu destaque em 2020: A sua boa integração aos Princípios Passos Mágicos.
ALUNO-81,Ponto a melhorar em 2021: Integrar-se mais aos Princípios Passos Mágicos.
ALUNO-82,Ponto a melhorar em 2021: Integrar-se mais aos Princípios Passos Mágicos.
ALUNO-83,Seu destaque em 2020: A sua boa integração aos Princípios Passos Mágicos.
ALUNO-84,Seu destaque em 2020: A sua boa integração aos Princípios Passos Mágicos.
ALUNO-85,Ponto a melhorar em 2021: Integrar-se mais aos Princípios Passos Mágicos.
ALUNO-86,Ponto a melhorar em 2021: Integrar-se mais aos Princípios Passos Mágicos.
ALUNO-87,Seu destaque em 2020: A sua boa integração aos Princípios Passos Mágicos.
ALUNO-88,Seu destaque em 2020: A sua boa integração aos Princípios Passos Mágicos.
ALUNO-89,Ponto a melhorar em 2021: Integrar-se mais aos Princípios Passos Mágicos.
ALUNO-90,Ponto a melhorar em 2021: Integrar-se mais aos Princípios Passos Mágicos.
ALUNO-91,Seu destaque em 2020: A sua boa integração aos Princípios Passos Mágicos.
ALUNO-92,
ALUNO-93,
ALUNO-94,Seu destaque em 2020: A sua boa integração aos Princípios Passos Mágicos.
ALUNO-95,Ponto a melhorar em 2021: Integrar-se mais aos Princípios Passos Mágicos.
ALUNO-96,Ponto a melhorar em 2021: Integrar-se mais aos Princípios Passos Mágicos.
ALUNO-97,Ponto a melhorar em 2021: Integrar-se mais aos Princípios Passos Mágicos.
ALUNO-98,
ALUNO-99,
ALUNO-100,Ponto a melhorar em 2021: Integrar-se mais aos Princípios Passos Mágicos.
ALUNO-101,
ALUNO-102,Seu destaque em 2020: A sua boa integração aos Princípios Passos Mágicos.
ALUNO-103,Seu destaque em 2020: A sua boa integração aos Princípios Passos Mágicos.
ALUNO-104,
ALUNO-105,Seu destaque em 2020: A sua boa integração aos Princípios Passos Mágicos.
ALUNO-106,Ponto a melhorar em 2021: Integrar-se mais aos Princípios Passos Mágicos.
ALUNO-107,
ALUNO-108,
ALUNO-109,
ALUNO-110,
ALUNO-111,Ponto a melhorar em 2021: Integrar-se mais aos Princípios Passos Mágicos.
ALUNO-112,Ponto a melhorar em 2021: Integrar-se mais aos Princípios Passos Mágicos.
ALUNO-113,Ponto a melhorar em 2021: Integrar-se mais aos Princípios Passos Mágicos.
ALUNO-114,
ALUNO-115,Ponto a melhorar em 2021: Integrar-se mais aos Princípios Passos Mágicos.
ALUNO-116,
ALUNO-117,Ponto a melhorar em 2021: Integrar-se mais aos Princípios Passos Mágicos.
ALUNO-118,Seu destaque em 2020: A sua boa integração aos Princípios Passos Mágicos.
ALUNO-119,
ALUNO-120,Ponto a melhorar em 2021: Integrar-se mais aos Princípios Passos Mágicos.
ALUNO-121,
ALUNO-122,
ALUNO-123,
ALUNO-124,
ALUNO-125,Ponto a melhorar em 2021: Integrar-se mais aos Princípios Passos Mágicos.
ALUNO-126,
ALUNO-127,
ALUNO-128,Ponto a melhorar em 2021: Integrar-se mais aos Princípios Passos Mágicos.
ALUNO-129,
ALUNO-130,
ALUNO-131,
ALUNO-132,Seu destaque em 2020: A sua boa integração aos Princípios Passos Mágicos.
ALUNO-133,Ponto a melhorar em 2021: Integrar-se mais aos Princípios Passos Mágicos.
ALUNO-134,
ALUNO-135,Seu destaque em 2020: A sua boa integração aos Princípios Passos Mágicos.
ALUNO-136,Ponto a melhorar em 2021: Integrar-se mais aos Princípios Passos Mágicos.
ALUNO-137,
ALUNO-138,
ALUNO-139,Ponto a melhorar em 2021: Integrar-se mais aos Princípios Passos Mágicos.
ALUNO-140,
ALUNO-141,
ALUNO-142,
ALUNO-143,
ALUNO-144,
ALUNO-145,Seu destaque em 2020: A sua boa integração aos Princípios Passos Mágicos.
ALUNO-146,Seu destaque em 2020: A sua boa integração aos Princípios Passos Mágicos.
ALUNO-147,Ponto a melhorar em 2021: Integrar-se mais aos Princípios Passos Mágicos.
ALUNO-148,
ALUNO-149,Seu destaque em 2020: A sua boa integração aos Princípios Passos Mágicos.
ALUNO-150,
ALUNO-151,Ponto a melhorar em 2021: Integrar-se mais aos Princípios Passos Mágicos.
ALUNO-152,Seu destaque em 2020: A sua boa integração aos Princípios Passos Mágicos.
ALUNO-153,Seu destaque em 2020: A sua boa integração aos Princípios Passos Mágicos.
ALUNO-154,Ponto a melhorar em 2021: Integrar-se mais aos Princípios Passos Mágicos.
ALUNO-155,
ALUNO-156,Ponto a melhorar em 2021: Integrar-se mais aos Princípios Passos Mágicos.
ALUNO-157,Ponto a melhorar em 2021: Integrar-se mais aos Princípios Passos Mágicos.
ALUNO-158,Ponto a melhorar em 2021: Integrar-se mais aos Princípios Passos Mágicos.
ALUNO-159,
ALUNO-160,Ponto a melhorar em 2021: Integrar-se mais aos Princípios Passos Mágicos.
ALUNO-161,
ALUNO-162,Ponto a melhorar em 2021: Integrar-se mais aos Princípios Passos Mágicos.
ALUNO-163,Ponto a melhorar em 2021: Integrar-se mais aos Princípios Passos Mágicos.
ALUNO-164,Ponto a melhorar em 2021: Integrar-se mais aos Princípios Passos Mágicos.
ALUNO-165,Ponto a melhorar em 2021: Integrar-se mais aos Princípios Passos Mágicos.
ALUNO-166,
ALUNO-167,
ALUNO-168,Ponto a melhorar em 2021: Integrar-se mais aos Princípios Passos Mágicos.
ALUNO-169,Seu destaque em 2020: A sua boa integração aos Princípios Passos Mágicos.
ALUNO-170,
ALUNO-171,
ALUNO-172,
ALUNO-173,Ponto a melhorar em 2021: Integrar-se mais aos Princípios Passos Mágicos.
ALUNO-174,Seu destaque em 2020: A sua boa integração aos Princípios Passos Mágicos.
ALUNO-175,
ALUNO-176,
ALUNO-177,
ALUNO-178,
ALUNO-179,
ALUNO-180,
ALUNO-181,
ALUNO-182,
ALUNO-183,Ponto a melhorar em 2021: Integrar-se mais aos Princípios Passos Mágicos.
ALUNO-184,Seu destaque em 2020: A sua boa integração aos Princípios Passos Mágicos.
ALUNO-185,
ALUNO-186,Ponto a melhorar em 2021: Integrar-se mais aos Princípios Passos Mágicos.
ALUNO-187,Seu destaque em 2020: A sua boa integração aos Princípios Passos Mágicos.
ALUNO-188,Seu destaque em 2020: A sua boa integração aos Princípios Passos Mágicos.
ALUNO-189,Ponto a melhorar em 2021: Integrar-se mais aos Princípios Passos Mágicos.
ALUNO-190,Seu destaque em 2020: A sua boa integração aos Princípios Passos Mágicos.
ALUNO-191,
ALUNO-192,Ponto a melhorar em 2021: Integrar-se mais aos Princípios Passos Mágicos.
ALUNO-193,Seu destaque em 2020: A sua boa integração aos Princípios Passos Mágicos.
ALUNO-194,Ponto a melhorar em 2021: Integrar-se mais aos Princípios Passos Mágicos.
ALUNO-195,
ALUNO-196,
ALUNO-197,Seu destaque em 2020: A sua boa integração aos Princípios Passos Mágicos.
ALUNO-198,Seu destaque em 2020: A sua boa integração aos Princípios Passos Mágicos.
ALUNO-199,Ponto a melhorar em 2021: Integrar-se mais aos Princípios Passos Mágicos.
ALUNO-200,Seu destaque em 2020: A sua boa integração aos Princípios Passos Mágicos.
ALUNO-201,Ponto a melhorar em 2021: Integrar-se mais aos Princípios Passos Mágicos.
ALUNO-202,Ponto a melhorar em 2021: Integrar-se mais aos Princípios Passos Mágicos.
ALUNO-203,
ALUNO-204,
ALUNO-205,
ALUNO-206,Seu destaque em 2020: A sua boa integração aos Princípios Passos Mágicos.
ALUNO-207,
ALUNO-208,Seu destaque em 2020: A sua boa integração aos Princípios Passos Mágicos.
ALUNO-209,Ponto a melhorar em 2021: Integrar-se mais aos Princípios Passos Mágicos.
ALUNO-210,Seu destaque em 2020: A sua boa integração aos Princípios Passos Mágicos.
ALUNO-211,
ALUNO-212,Seu destaque em 2020: A sua boa integração aos Princípios Passos Mágicos.
ALUNO-213,Ponto a melhorar em 2021: Integrar-se mais aos Princípios Passos Mágicos.
ALUNO-214,
ALUNO-215,Seu destaque em 2020: A sua boa integração aos Princípios Passos Mágicos.
ALUNO-216,
ALUNO-217,Seu destaque em 2020: A sua boa integração aos Princípios Passos Mágicos.
ALUNO-218,
ALUNO-219,Seu destaque em 2020: A sua boa integração aos Princípios Passos Mágicos.
ALUNO-220,
ALUNO-221,
ALUNO-222,Seu destaque em 2020: A sua boa integração aos Princípios Passos Mágicos.
ALUNO-223,Ponto a melhorar em 2021: Integrar-se mais aos Princípios Passos Mágicos.
ALUNO-224,
ALUNO-225,Seu destaque em 2020: A sua boa integração aos Princípios Passos Mágicos.
ALUNO-226,Seu destaque em 2020: A sua boa integração aos Princípios Passos Mágicos.
ALUNO-227,Ponto a melhorar em 2021: Integrar-se mais aos Princípios Passos Mágicos.
ALUNO-228,
ALUNO-229,Ponto a melhorar em 2021: Integrar-se mais aos Princípios Passos Mágicos.
ALUNO-230,Ponto a melhorar em 2021: Integrar-se mais aos Princípios Passos Mágicos.
ALUNO-231,Seu destaque em 2020: A sua boa integração aos Princípios Passos Mágicos.
ALUNO-232,
ALUNO-233,
ALUNO-234,
ALUNO-235,Seu destaque em 2020: A sua boa integração aos Princípios Passos Mágicos.
ALUNO-236,
ALUNO-237,
ALUNO-238,Ponto a melhorar em 2021: Integrar-se mais aos Princípios Passos Mágicos.
ALUNO-239,
ALUNO-240,
ALUNO-241,Ponto a melhorar em 2021: Integrar-se mais aos Princípios Passos Mágicos.
ALUNO-242,Ponto a melhorar em 2021: Integrar-se mais aos Princípios Passos Mágicos.
ALUNO-243,
ALUNO-244,
ALUNO-245,
ALUNO-246,Ponto a melhorar em 2021: Integrar-se mais aos Princípios Passos Mágicos.
ALUNO-247,
ALUNO-248,
ALUNO-249,
ALUNO-250,
ALUNO-251,Seu destaque em 2020: A sua boa integração aos Princípios Passos Mágicos.
ALUNO-252,
ALUNO-253,
ALUNO-254,
ALUNO-255,
ALUNO-256,
ALUNO-257,
ALUNO-258,
ALUNO-259,Seu destaque em 2020: A sua boa integração aos Princípios Passos Mágicos.
ALUNO-260,
ALUNO-261,Ponto a melhorar em 2021: Integrar-se mais aos Princípios Passos Mágicos.
ALUNO-262,Seu destaque em 2020: A sua boa integração aos Princípios Passos Mágicos.
ALUNO-263,Seu destaque em 2020: A sua boa integração aos Princípios Passos Mágicos.
ALUNO-264,
ALUNO-265,Ponto a melhorar em 2021: Integrar-se mais aos Princípios Passos Mágicos.
ALUNO-266,Seu destaque em 2020: A sua boa integração aos Princípios Passos Mágicos.
ALUNO-267,Ponto a melhorar em 2021: Integrar-se mais aos Princípios Passos Mágicos.
ALUNO-268,
ALUNO-269,Ponto a melhorar em 2021: Integrar-se mais aos Princípios Passos Mágicos.
ALUNO-270,Seu destaque em 2020: A sua boa integração aos Princípios Passos Mágicos.
ALUNO-271,
ALUNO-272,
ALUNO-273,Ponto a melhorar em 2021: Integrar-se mais aos Princípios Passos Mágicos.
ALUNO-274,Ponto a melhorar em 2021: Integrar-se mais aos Princípios Passos Mágicos.
ALUNO-275,Seu destaque em 2020: A sua boa integração aos Princípios Passos Mágicos.
ALUNO-276,
ALUNO-277,Ponto a melhorar em 2021: Integrar-se mais aos Princípios Passos Mágicos.
ALUNO-278,Ponto a melhorar em 2021: Integrar-se mais aos Princípios Passos Mágicos.
ALUNO-279,
ALUNO-280,Ponto a melhorar em 2021: Integrar-se mais aos Princípios Passos Mágicos.
ALUNO-281,
ALUNO-282,
ALUNO-283,
ALUNO-284,Ponto a melhorar em 2021: Integrar-se mais aos Princípios Passos Mágicos.
ALUNO-285,Seu destaque em 2020: A sua boa integração aos Princípios Passos Mágicos.
ALUNO-286,Ponto a melhorar em 2021: Integrar-se mais aos Princípios Passos Mágicos.
ALUNO-287,Seu destaque em 2020: A sua boa integração aos Princípios Passos Mágicos.
ALUNO-288,Ponto a melhorar em 2021: Integrar-se mais aos Princípios Passos Mágicos.
ALUNO-289,
ALUNO-290,
ALUNO-291,
ALUNO-292,Ponto a melhorar em 2021: Integrar-se mais aos Princípios Passos Mágicos.
ALUNO-293,Seu destaque em 2020: A sua boa integração aos Princípios Passos Mágicos.
ALUNO-294,
ALUNO-295,Seu destaque em 2020: A sua boa integração aos Princípios Passos Mágicos.
ALUNO-296,Seu destaque em 2020: A sua boa integração aos Princípios Passos Mágicos.
ALUNO-297,Ponto a melhorar em 2021: Integrar-se mais aos Princípios Passos Mágicos.
ALUNO-298,Ponto a melhorar em 2021: Integrar-se mais aos Princípios Passos Mágicos.
ALUNO-299,
ALUNO-300,
ALUNO-301,Seu destaque em 2020: A sua boa integração aos Princípios Passos Mágicos.
ALUNO-302,
ALUNO-303,
ALUNO-304,
ALUNO-305,Ponto a melhorar em 2021: Integrar-se mais aos Princípios Passos Mágicos.
ALUNO-306,Seu destaque em 2020: A sua boa integração aos Princípios Passos Mágicos.
ALUNO-307,
ALUNO-308,
ALUNO-309,Seu destaque em 2020: A sua boa integração aos Princípios Passos Mágicos.
ALUNO-310,
ALUNO-311,
ALUNO-312,Seu destaque em 2020: A sua boa integração aos Princípios Passos Mágicos.
ALUNO-313,Seu destaque em 2020: A sua boa integração aos Princípios Passos Mágicos.
ALUNO-314,
ALUNO-315,Seu destaque em 2020: A sua boa integração aos Princípios Passos Mágicos.
ALUNO-316,Seu destaque em 2020: A sua boa integração aos Princípios Passos Mágicos.
ALUNO-317,
ALUNO-318,Ponto a melhorar em 2021: Integrar-se mais aos Princípios Passos Mágicos.
ALUNO-319,Seu destaque em 2020: A sua boa integração aos Princípios Passos Mágicos.
ALUNO-320,
ALUNO-321,Seu destaque em 2020: A sua boa integração aos Princípios Passos Mágicos.
ALUNO-322,
ALUNO-323,Ponto a melhorar em 2021: Integrar-se mais aos Princípios Passos Mágicos.
ALUNO-324,Seu destaque em 2020: A sua boa integração aos Princípios Passos Mágicos.
ALUNO-325,
ALUNO-326,
ALUNO-327,
ALUNO-328,Ponto a melhorar em 2021: Integrar-se mais aos Princípios Passos Mágicos.
ALUNO-329,Seu destaque em 2020: A sua boa integração aos Princípios Passos Mágicos.
ALUNO-330,Ponto a melhorar em 2021: Integrar-se mais aos Princípios Passos Mágicos.
ALUNO-331,
ALUNO-332,Ponto a melhorar em 2021: Integrar-se mais aos Princípios Passos Mágicos.
ALUNO-333,
ALUNO-334,
ALUNO-335,Seu destaque em 2020: A sua boa integração aos Princípios Passos Mágicos.
ALUNO-336,
ALUNO-337,Seu destaque em 2020: A sua boa integração aos Princípios Passos Mágicos.
ALUNO-338,Seu destaque em 2020: A sua boa integração aos Princípios Passos Mágicos.
ALUNO-339,Ponto a melhorar em 2021: Integrar-se mais aos Princípios Passos Mágicos.
ALUNO-340,Ponto a melhorar em 2021: Integrar-se mais aos Princípios Passos Mágicos.
ALUNO-341,
ALUNO-342,Seu destaque em 2020: A sua boa integração aos Princípios Passos Mágicos.
ALUNO-343,Ponto a melhorar em 2021: Integrar-se mais aos Princípios Passos Mágicos.
ALUNO-344,Seu destaque em 2020: A sua boa integração aos Princípios Passos Mágicos.
ALUNO-345,Seu destaque em 2020: A sua boa integração aos Princípios Passos Mágicos.
ALUNO-346,Seu destaque em 2020: A sua boa integração aos Princípios Passos Mágicos.
ALUNO-347,
ALUNO-348,Ponto a melhorar em 2021: Integrar-se mais aos Princípios Passos Mágicos.
ALUNO-349,Ponto a melhorar em 2021: Integrar-se mais aos Princípios Passos Mágicos.
ALUNO-350,
ALUNO-351,
ALUNO-352,
ALUNO-353,Ponto a melhorar em 2021: Integrar-se mais aos Princípios Passos Mágicos.
ALUNO-354,Ponto a melhorar em 2021: Integrar-se mais aos Princípios Passos Mágicos.
ALUNO-355,Ponto a melhorar em 2021: Integrar-se mais aos Princípios Passos Mágicos.
ALUNO-356,
ALUNO-357,
ALUNO-358,
ALUNO-359,Seu destaque em 2020: A sua boa integração aos Princípios Passos Mágicos.
ALUNO-360,
ALUNO-361,Seu destaque em 2020: A sua boa integração aos Princípios Passos Mágicos.
ALUNO-362,
ALUNO-363,
ALUNO-364,Seu destaque em 2020: A sua boa integração aos Princípios Passos Mágicos.
ALUNO-365,Seu destaque em 2020: A sua boa integração aos Princípios Passos Mágicos.
ALUNO-366,
ALUNO-367,Seu destaque em 2020: A sua boa integração aos Princípios Passos Mágicos.
ALUNO-368,
ALUNO-369,
ALUNO-370,Seu destaque em 2020: A sua boa integração aos Princípios Passos Mágicos.
ALUNO-371,Seu destaque em 2020: A sua boa integração aos Princípios Passos Mágicos.
ALUNO-372,Ponto a melhorar em 2021: Integrar-se mais aos Princípios Passos Mágicos.
ALUNO-373,Ponto a melhorar em 2021: Integrar-se mais aos Princípios Passos Mágicos.
ALUNO-374,
ALUNO-375,Seu destaque em 2020: A sua boa integração aos Princípios Passos Mágicos.
ALUNO-376,
ALUNO-377,Seu destaque em 2020: A sua boa integração aos Princípios Passos Mágicos.
ALUNO-378,Seu destaque em 2020: A sua boa integração aos Princípios Passos Mágicos.
ALUNO-379,Ponto a melhorar em 2021: Integrar-se mais aos Princípios Passos Mágicos.
ALUNO-380,
ALUNO-381,Ponto a melhorar em 2021: Integrar-se mais aos Princípios Passos Mágicos.
ALUNO-382,
ALUNO-383,Ponto a melhorar em 2021: Integrar-se mais aos Princípios Passos Mágicos.
ALUNO-384,
ALUNO-385,Ponto a melhorar em 2021: Integrar-se mais aos Princípios Passos Mágicos.
ALUNO-386,
ALUNO-387,Ponto a melhorar em 2021: Integrar-se mais aos Princípios Passos Mágicos.
ALUNO-388,Ponto a melhorar em 2021: Integrar-se mais aos Princípios Passos Mágicos.
ALUNO-389,Ponto a melhorar em 2021: Integrar-se mais aos Princípios Passos Mágicos.
ALUNO-390,Seu destaque em 2020: A sua boa integração aos Princípios Passos Mágicos.
ALUNO-391,
ALUNO-392,
ALUNO-393,Seu destaque em 2020: A sua boa integração aos Princípios Passos Mágicos.
ALUNO-394,Ponto a melhorar em 2021: Integrar-se mais aos Princípios Passos Mágicos.
ALUNO-395,
ALUNO-396,Ponto a melhorar em 2021: Integrar-se mais aos Princípios Passos Mágicos.
ALUNO-397,Seu destaque em 2020: A sua boa integração aos Princípios Passos Mágicos.
ALUNO-398,
ALUNO-399,Ponto a melhorar em 2021: Integrar-se mais aos Princípios Passos Mágicos.
ALUNO-400,Ponto a melhorar em 2021: Integrar-se mais aos Princípios Passos Mágicos.
ALUNO-401,Seu destaque em 2020: A sua boa integração aos Princípios Passos Mágicos.
ALUNO-402,
ALUNO-403,
ALUNO-404,Seu destaque em 2020: A sua boa integração aos Princípios Passos Mágicos.
ALUNO-405,
ALUNO-406,Ponto a melhorar em 2021: Integrar-se mais aos Princípios Passos Mágicos.
ALUNO-407,Seu destaque em 2020: A sua boa integração aos Princípios Passos Mágicos.
ALUNO-408,Seu destaque em 2020: A sua boa integração aos Princípios Passos Mágicos.
ALUNO-409,
ALUNO-410,
ALUNO-411,
ALUNO-412,
ALUNO-413,
ALUNO-414,Ponto a melhorar em 2021: Integrar-se mais aos Princípios Passos Mágicos.
ALUNO-415,
ALUNO-416,Ponto a melhorar em 2021: Integrar-se mais aos Princípios Passos Mágicos.
ALUNO-417,
ALUNO-418,
ALUNO-419,
ALUNO-420,
ALUNO-421,Ponto a melhorar em 2021: Integrar-se mais aos Princípios Passos Mágicos.
ALUNO-422,
ALUNO-423,
ALUNO-424,Ponto a melhorar em 2021: Integrar-se mais aos Princípios Passos Mágicos.
ALUNO-425,Seu destaque em 2020: A sua boa integração aos Princípios Passos Mágicos.
ALUNO-426,Ponto a melhorar em 2021: Integrar-se mais aos Princípios Passos Mágicos.
ALUNO-427,
ALUNO-428,
ALUNO-429,
ALUNO-430,
ALUNO-431,Ponto a melhorar em 2021: Integrar-se mais aos Princípios Passos Mágicos.
ALUNO-432,
ALUNO-433,
ALUNO-434,
ALUNO-435,Ponto a melhorar em 2021: Integrar-se mais aos Princípios Passos Mágicos.
ALUNO-436,
ALUNO-437,Seu destaque em 2020: A sua boa integração aos Princípios Passos Mágicos.
ALUNO-438,
ALUNO-439,Ponto a melhorar em 2021: Integrar-se mais aos Princípios Passos Mágicos.
ALUNO-440,
ALUNO-441,Seu destaque em 2020: A sua boa integração aos Princípios Passos Mágicos.
ALUNO-442,Ponto a melhorar em 2021: Integrar-se mais aos Princípios Passos Mágicos.
ALUNO-443,Ponto a melhorar em 2021: Integrar-se mais aos Princípios Passos Mágicos.
ALUNO-444,
ALUNO-445,Ponto a melhorar em 2021: Integrar-se mais aos Princípios Passos Mágicos.
ALUNO-446,
ALUNO-447,Ponto a melhorar em 2021: Integrar-se mais aos Princípios Passos Mágicos.
ALUNO-448,Seu destaque em 2020: A sua boa integração aos Princípios Passos Mágicos.
ALUNO-449,Seu destaque em 2020: A sua boa integração aos Princípios Passos Mágicos.
ALUNO-450,Ponto a melhorar em 2021: Integrar-se mais aos Princípios Passos Mágicos.
ALUNO-451,Seu destaque em 2020: A sua boa integração aos Princípios Passos Mágicos.
ALUNO-452,
ALUNO-453,Ponto a melhorar em 2021: Integrar-se mais aos Princípios Passos Mágicos.
ALUNO-454,
ALUNO-455,Seu destaque em 2020: A sua boa integração aos Princípios Passos Mágicos.
ALUNO-456,
ALUNO-457,Seu destaque em 2020: A sua boa integração aos Princípios Passos Mágicos.
ALUNO-458,Ponto a melhorar em 2021: Integrar-se mais aos Princípios Passos Mágicos.
ALUNO-459,Ponto a melhorar em 2021: Integrar-se mais aos Princípios Passos Mágicos.
ALUNO-460,Seu destaque em 2020: A sua boa integração aos Princípios Passos Mágicos.
ALUNO-461,
ALUNO-462,Ponto a melhorar em 2021: Integrar-se mais aos Princípios Passos Mágicos.
ALUNO-463,Seu destaque em 2020: A sua boa integração aos Princípios Passos Mágicos.
ALUNO-464,Seu destaque em 2020: A sua boa integração aos Princípios Passos Mágicos.
ALUNO-465,
ALUNO-466,Ponto a melhorar em 2021: Integrar-se mais aos Princípios Passos Mágicos.
ALUNO-467,Ponto a melhorar em 2021: Integrar-se mais aos Princípios Passos Mágicos.
ALUNO-468,Ponto a melhorar em 2021: Integrar-se mais aos Princípios Passos Mágicos.
ALUNO-469,Seu destaque em 2020: A sua boa integração aos Princípios Passos Mágicos.
ALUNO-470,
ALUNO-471,
ALUNO-472,Ponto a melhorar em 2021: Integrar-se mais aos Princípios Passos Mágicos.
ALUNO-473,Ponto a melhorar em 2021: Integrar-se mais aos Princípios Passos Mágicos.
ALUNO-474,Ponto a melhorar em 2021: Integrar-se mais aos Princípios Passos Mágicos.
ALUNO-475,
ALUNO-476,Seu destaque em 2020: A sua boa integração aos Princípios Passos Mágicos.
ALUNO-477,Ponto a melhorar em 2021: Integrar-se mais aos Princípios Passos Mágicos.
ALUNO-478,Ponto a melhorar em 2021: Integrar-se mais aos Princípios Passos Mágicos.
ALUNO-479,
ALUNO-480,
ALUNO-481,
ALUNO-482,Ponto a melhorar em 2021: Integrar-se mais aos Princípios Passos Mágicos.
ALUNO-483,Seu destaque em 2020: A sua boa integração aos Princípios Passos Mágicos.
ALUNO-484,
ALUNO-485,
ALUNO-486,Ponto a melhorar em 2021: Integrar-se mais aos Princípios Passos Mágicos.
ALUNO-487,Seu destaque em 2020: A sua boa integração aos Princípios Passos Mágicos.
ALUNO-488,Seu destaque em 2020: A sua boa integração aos Princípios Passos Mágicos.
ALUNO-489,
ALUNO-490,Ponto a melhorar em 2021: Integrar-se mais aos Princípios Passos Mágicos.
ALUNO-491,Ponto a melhorar em 2021: Integrar-se mais aos Princípios Passos Mágicos.
ALUNO-492,Seu destaque em 2020: A sua boa integração aos Princípios Passos Mágicos.
ALUNO-493,
ALUNO-494,
ALUNO-495,
ALUNO-496,Seu destaque em 2020: A sua boa integração aos Princípios Passos Mágicos.
ALUNO-497,
ALUNO-498,
ALUNO-499,Ponto a melhorar em 2021: Integrar-se mais aos Princípios Passos Mágicos.
ALUNO-500,Seu destaque em 2020: A sua boa integração aos Princípios Passos Mágicos.
ALUNO-501,
ALUNO-502,Seu destaque em 2020: A sua boa integração aos Princípios Passos Mágicos.
ALUNO-503,Seu destaque em 2020: A sua boa integração aos Princípios Passos Mágicos.
ALUNO-504,
ALUNO-505,
ALUNO-506,Seu destaque em 2020: A sua boa integração aos Princípios Passos Mágicos.
ALUNO-507,Seu destaque em 2020: A sua boa integração aos Princípios Passos Mágicos.
ALUNO-508,
ALUNO-509,Seu destaque em 2020: A sua boa integração aos Princípios Passos Mágicos.
ALUNO-510,
ALUNO-511,
ALUNO-512,Ponto a melhorar em 2021: Integrar-se mais aos Princípios Passos Mágicos.
ALUNO-513,Seu destaque em 2020: A sua boa integração aos Princípios Passos Mágicos.
ALUNO-514,
ALUNO-515,Seu destaque em 2020: A sua boa integração aos Princípios Passos Mágicos.
ALUNO-516,
ALUNO-517,Seu destaque em 2020: A sua boa integração aos Princípios Passos Mágicos.
ALUNO-518,Seu destaque em 2020: A sua boa integração aos Princípios Passos Mágicos.
ALUNO-519,
ALUNO-520,Seu destaque em 2020: A sua boa integração aos Princípios Passos Mágicos.
ALUNO-521,Ponto a melhorar em 2021: Integrar-se mais aos Princípios Passos Mágicos.
ALUNO-522,Ponto a melhorar em 2021: Integrar-se mais aos Princípios Passos Mágicos.
ALUNO-523,
ALUNO-524,Ponto a melhorar em 2021: Integrar-se mais aos Princípios Passos Mágicos.
ALUNO-525,
ALUNO-526,
ALUNO-527,Ponto a melhorar em 2021: Integrar-se mais aos Princípios Passos Mágicos.
ALUNO-528,
ALUNO-529,
ALUNO-530,Ponto a melhorar em 2021: Integrar-se mais aos Princípios Passos Mágicos.
ALUNO-531,Ponto a melhorar em 2021: Integrar-se mais aos Princípios Passos Mágicos.
ALUNO-532,
ALUNO-533,Ponto a melhorar em 2021: Integrar-se mais aos Princípios Passos Mágicos.
ALUNO-534,Ponto a melhorar em 2021: Integrar-se mais aos Princípios Passos Mágicos.
ALUNO-535,Ponto a melhorar em 2021: Integrar-se mais aos Princípios Passos Mágicos.
ALUNO-536,
ALUNO-537,
ALUNO-538,
ALUNO-539,
ALUNO-540,Ponto a melhorar em 2021: Integrar-se mais aos Princípios Passos Mágicos.
ALUNO-541,Seu destaque em 2020: A sua boa integração aos Princípios Passos Mágicos.
ALUNO-542,
ALUNO-543,
ALUNO-544,Ponto a melhorar em 2021: Integrar-se mais aos Princípios Passos Mágicos.
ALUNO-545,Ponto a melhorar em 2021: Integrar-se mais aos Princípios Passos Mágicos.
ALUNO-546,Ponto a melhorar em 2021: Integrar-se mais aos Princípios Passos Mágicos.
ALUNO-547,Seu destaque em 2020: A sua boa integração aos Princípios Passos Mágicos.
ALUNO-548,
ALUNO-549,Seu destaque em 2020: A sua boa integração aos Princípios Passos Mágicos.
ALUNO-550,
ALUNO-551,
ALUNO-552,Ponto a melhorar em 2021: Integrar-se mais aos Princípios Passos Mágicos.
ALUNO-553,
ALUNO-554,
ALUNO-555,Ponto a melhorar em 2021: Integrar-se mais aos Princípios Passos Mágicos.
ALUNO-556,
ALUNO-557,Ponto a melhorar em 2021: Integrar-se mais aos Princípios Passos Mágicos.
ALUNO-558,
ALUNO-559,Ponto a melhorar em 2021: Integrar-se mais aos Princípios Passos Mágicos.
ALUNO-560,Ponto a melhorar em 2021: Integrar-se mais aos Princípios Passos Mágicos.
ALUNO-561,Seu destaque em 2020: A sua boa integração aos Princípios Passos Mágicos.
ALUNO-562,Seu destaque em 2020: A sua boa integração aos Princípios Passos Mágicos.
ALUNO-563,
ALUNO-564,Seu destaque em 2020: A sua boa integração aos Princípios Passos Mágicos.
ALUNO-565,
ALUNO-566,
ALUNO-567,
ALUNO-568,Ponto a melhorar em 2021: Integrar-se mais aos Princípios Passos Mágicos.
ALUNO-569,Seu destaque em 2020: A sua boa integração aos Princípios Passos Mágicos.
ALUNO-570,Ponto a melhorar em 2021: Integrar-se mais aos Princípios Passos Mágicos.
ALUNO-571,
ALUNO-572,
ALUNO-573,
ALUNO-574,Ponto a melhorar em 2021: Integrar-se mais aos Princípios Passos Mágicos.
ALUNO-575,
ALUNO-576,
ALUNO-577,Ponto a melhorar em 2021: Integrar-se mais aos Princípios Passos Mágicos.
ALUNO-578,
ALUNO-579,Seu destaque em 2020: A sua boa integração aos Princípios Passos Mágicos.
ALUNO-580,
ALUNO-581,Ponto a melhorar em 2021: Integrar-se mais aos Princípios Passos Mágicos.
ALUNO-582,
ALUNO-583,Seu destaque em 2020: A sua boa integração aos Princípios Passos Mágicos.
ALUNO-584,
ALUNO-585,Ponto a melhorar em 2021: Integrar-se mais aos Princípios Passos Mágicos.
ALUNO-586,Ponto a melhorar em 2021: Integrar-se mais aos Princípios Passos Mágicos.
ALUNO-587,
ALUNO-588,Seu destaque em 2020: A sua boa integração aos Princípios Passos Mágicos.
ALUNO-589,Ponto a melhorar em 2021: Integrar-se mais aos Princípios Passos Mágicos.
ALUNO-590,
ALUNO-591,
ALUNO-592,
ALUNO-593,
ALUNO-594,Ponto a melhorar em 2021: Integrar-se mais aos Princípios Passos Mágicos.
ALUNO-595,
ALUNO-596,
ALUNO-597,Seu destaque em 2020: A sua boa integração aos Princípios Passos Mágicos.
ALUNO-598,Ponto a melhorar em 2021: Integrar-se mais aos Princípios Passos Mágicos.
ALUNO-599,
ALUNO-600,
ALUNO-601,Seu destaque em 2020: A sua boa integração aos Princípios Passos Mágicos.
ALUNO-602,Ponto a melhorar em 2021: Integrar-se mais aos Princípios Passos Mágicos.
ALUNO-603,Ponto a melhorar em 2021: Integrar-se mais aos Princípios Passos Mágicos.
ALUNO-604,Seu destaque em 2020: A sua boa integração aos Princípios Passos Mágicos.
ALUNO-605,Ponto a melhorar em 2021: Integrar-se mais aos Princípios Passos Mágicos.
ALUNO-606,Ponto a melhorar em 2021: Integrar-se mais aos Princípios Passos Mágicos.
ALUNO-607,
ALUNO-608,Seu destaque em 2020: A sua boa integração aos Princípios Passos Mágicos.
ALUNO-609,
ALUNO-610,
ALUNO-611,Seu destaque em 2020: A sua boa integração aos Princípios Passos Mágicos.
ALUNO-612,
ALUNO-613,Ponto a melhorar em 2021: Integrar-se mais aos Princípios Passos Mágicos.
ALUNO-614,Seu destaque em 2020: A sua boa integração aos Princípios Passos Mágicos.
ALUNO-615,Seu destaque em 2020: A sua boa integração aos Princípios Passos Mágicos.
ALUNO-616,Ponto a melhorar em 2021: Integrar-se mais aos Princípios Passos Mágicos.
ALUNO-617,
ALUNO-618,Ponto a melhorar em 2021: Integrar-se mais aos Princípios Passos Mágicos.
ALUNO-619,Seu destaque em 2020: A sua boa integração aos Princípios Passos Mágicos.
ALUNO-620,
ALUNO-621,
ALUNO-622,Seu destaque em 2020: A sua boa integração aos Princípios Passos Mágicos.
ALUNO-623,
ALUNO-624,Ponto a melhorar em 2021: Integrar-se mais aos Princípios Passos Mágicos.
ALUNO-625,Ponto a melhorar em 2021: Integrar-se mais aos Princípios Passos Mágicos.
ALUNO-626,Seu destaque em 2020: A sua boa integração aos Princípios Passos Mágicos.
ALUNO-627,
ALUNO-628,
ALUNO-629,
ALUNO-630,
ALUNO-631,Ponto a melhorar em 2021: Integrar-se mais aos Princípios Passos Mágicos.
ALUNO-632,
ALUNO-633,
ALUNO-634,Ponto a melhorar em 2021: Integrar-se mais aos Princípios Passos Mágicos.
ALUNO-635,Seu destaque em 2020: A sua boa integração aos Princípios Passos Mágicos.
ALUNO-636,Ponto a melhorar em 2021: Integrar-se mais aos Princípios Passos Mágicos.
ALUNO-637,
ALUNO-638,Ponto a melhorar em 2021: Integrar-se mais aos Princípios Passos Mágicos.
ALUNO-639,Seu destaque em 2020: A sua boa integração aos Princípios Passos Mágicos.
ALUNO-640,Ponto a melhorar em 2021: Integrar-se mais aos Princípios Passos Mágicos.
ALUNO-641,
ALUNO-642,Seu destaque em 2020: A sua boa integração aos Princípios Passos Mágicos.
ALUNO-643,
ALUNO-644,Ponto a melhorar em 2021: Integrar-se mais aos Princípios Passos Mágicos.
ALUNO-645,Seu destaque em 2020: A sua boa integração aos Princípios Passos Mágicos.
ALUNO-646,Seu destaque em 2020: A sua boa integração aos Princípios Passos Mágicos.
ALUNO-647,Ponto a melhorar em 2021: Integrar-se mais aos Princípios Passos Mágicos.
ALUNO-648,Seu destaque em 2020: A sua boa integração aos Princípios Passos Mágicos.
ALUNO-649,
ALUNO-650,
ALUNO-651,
ALUNO-652,
ALUNO-653,
ALUNO-654,
ALUNO-655,Seu destaque em 2020: A sua boa integração aos Princípios Passos Mágicos.
ALUNO-656,
ALUNO-657,Seu destaque em 2020: A sua boa integração aos Princípios Passos Mágicos.
ALUNO-658,
ALUNO-659,Seu destaque em 2020: A sua boa integração aos Princípios Passos Mágicos.
ALUNO-660,
ALUNO-661,Seu destaque em 2020: A sua boa integração aos Princípios Passos Mágicos.
ALUNO-662,
ALUNO-663,Ponto a melhorar em 2021: Integrar-se mais aos Princípios Passos Mágicos.
ALUNO-664,Ponto a melhorar em 2021: Integrar-se mais aos Princípios Passos Mágicos.
ALUNO-665,
ALUNO-666,Seu destaque em 2020: A sua boa integração aos Princípios Passos Mágicos.
ALUNO-667,
ALUNO-668,Ponto a melhorar em 2021: Integrar-se mais aos Princípios Passos Mágicos.
ALUNO-669,
ALUNO-670,Ponto a melhorar em 2021: Integrar-se mais aos Princípios Passos Mágicos.
ALUNO-671,Ponto a melhorar em 2021: Integrar-se mais aos Princípios Passos Mágicos.
ALUNO-672,Seu destaque em 2020: A sua boa integração aos Princípios Passos Mágicos.
ALUNO-673,
ALUNO-674,
ALUNO-675,
ALUNO-676,Ponto a melhorar em 2021: Integrar-se mais aos Princípios Passos Mágicos.
ALUNO-677,Ponto a melhorar em 2021: Integrar-se mais aos Princípios Passos Mágicos.
ALUNO-678,Seu destaque em 2020: A sua boa integração aos Princípios Passos Mágicos.
ALUNO-679,
ALUNO-680,Seu destaque em 2020: A sua boa integração aos Princípios Passos Mágicos.
ALUNO-681,Ponto a melhorar em 2021: Integrar-se mais aos Princípios Passos Mágicos.
ALUNO-682,Ponto a melhorar em 2021: Integrar-se mais aos Princípios Passos Mágicos.
ALUNO-683,Ponto a melhorar em 2021: Integrar-se mais aos Princípios Passos Mágicos.
ALUNO-684,Ponto a melhorar em 2021: Integrar-se mais aos Princípios Passos Mágicos.
ALUNO-685,Seu destaque em 2020: A sua boa integração aos Princípios Passos Mágicos.
ALUNO-686,Ponto a melhorar em 2021: Integrar-se mais aos Princípios Passos Mágicos.
ALUNO-687,
ALUNO-688,Seu destaque em 2020: A sua boa integração aos Princípios Passos Mágicos.
ALUNO-689,Seu destaque em 2020: A sua boa integração aos Princípios Passos Mágicos.
ALUNO-690,
ALUNO-691,Ponto a melhorar em 2021: Integrar-se mais aos Princípios Passos Mágicos.
ALUNO-692,
ALUNO-693,Seu destaque em 2020: A sua boa integração aos Princípios Passos Mágicos.
ALUNO-694,
ALUNO-695,Seu destaque em 2020: A sua boa integração aos Princípios Passos Mágicos.
ALUNO-696,Ponto a melhorar em 2021: Integrar-se mais aos Princípios Passos Mágicos.
ALUNO-697,
ALUNO-698,Ponto a melhorar em 2021: Integrar-se mais aos Princípios Passos Mágicos.
ALUNO-699,Ponto a melhorar em 2021: Integrar-se mais aos Princípios Passos Mágicos.
ALUNO-700,Seu destaque em 2020: A sua boa integração aos Princípios Passos Mágicos.
ALUNO-701,
ALUNO-702,Seu destaque em 2020: A sua boa integração aos Princípios Passos Mágicos.
ALUNO-703,Ponto a melhorar em 2021: Integrar-se mais aos Princípios Passos Mágicos.
ALUNO-704,Seu destaque em 2020: A sua boa integração aos Princípios Passos Mágicos.
ALUNO-705,
ALUNO-706,
ALUNO-707,Ponto a melhorar em 2021: Integrar-se mais aos Princípios Passos Mágicos.
ALUNO-708,Ponto a melhorar em 2021: Integrar-se mais aos Princípios Passos Mágicos.
ALUNO-709,
ALUNO-710,Seu destaque em 2020: A sua boa integração aos Princípios Passos Mágicos.
ALUNO-711,
ALUNO-712,Ponto a melhorar em 2021: Integrar-se mais aos Princípios Passos Mágicos.
ALUNO-713,Seu destaque em 2020: A sua boa integração aos Princípios Passos Mágicos.
ALUNO-714,Seu destaque em 2020: A sua boa integração aos Princípios Passos Mágicos.
ALUNO-715,
ALUNO-716,Seu destaque em 2020: A sua boa integração aos Princípios Passos Mágicos.
ALUNO-717,
ALUNO-718,Ponto a melhorar em 2021: Integrar-se mais aos Princípios Passos Mágicos.
ALUNO-719,Seu destaque em 2020: A sua boa integração aos Princípios Passos Mágicos.
ALUNO-720,Ponto a melhorar em 2021: Integrar-se mais aos Princípios Passos Mágicos.
ALUNO-721,Ponto a melhorar em 2021: Integrar-se mais aos Princípios Passos Mágicos.
ALUNO-722,
ALUNO-723,
ALUNO-724,Seu destaque em 2020: A sua boa integração aos Princípios Passos Mágicos.
ALUNO-725,Seu destaque em 2020: A sua boa integração aos Princípios Passos Mágicos.
ALUNO-726,
ALUNO-727,
ALUNO-728,
ALUNO-729,
ALUNO-730,
ALUNO-731,Ponto a melhorar em 2021: Integrar-se mais aos Princípios Passos Mágicos.
ALUNO-732,Seu destaque em 2020: A sua boa integração aos Princípios Passos Mágicos.
ALUNO-733,Seu destaque em 2020: A sua boa integração aos Princípios Passos Mágicos.
ALUNO-734,
ALUNO-735,
ALUNO-736,
ALUNO-737,Seu destaque em 2020: A sua boa integração aos Princípios Passos Mágicos.
ALUNO-738,Ponto a melhorar em 2021: Integrar-se mais aos Princípios Passos Mágicos.
ALUNO-739,Seu destaque em 2020: A sua boa integração aos Princípios Passos Mágicos.
ALUNO-740,Ponto a melhorar em 2021: Integrar-se mais aos Princípios Passos Mágicos.
ALUNO-741,
ALUNO-742,
ALUNO-743,Seu destaque em 2020: A sua boa integração aos Princípios Passos Mágicos.
ALUNO-744,Ponto a melhorar em 2021: Integrar-se mais aos Princípios Passos Mágicos.
ALUNO-745,Ponto a melhorar em 2021: Integrar-se mais aos Princípios Passos Mágicos.
ALUNO-746,Seu destaque em 2020: A sua boa integração aos Princípios Passos Mágicos.
ALUNO-747,Seu destaque em 2020: A sua boa integração aos Princípios Passos Mágicos.
ALUNO-748,
ALUNO-749,Seu destaque em 2020: A sua boa integração aos Princípios Passos Mágicos.
ALUNO-750,Ponto a melhorar em 2021: Integrar-se mais aos Princípios Passos Mágicos.
ALUNO-751,
ALUNO-752,
ALUNO-753,Seu destaque em 2020: A sua boa integração aos Princípios Passos Mágicos.
ALUNO-754,
ALUNO-755,Seu destaque em 2020: A sua boa integração aos Princípios Passos Mágicos.
ALUNO-756,Ponto a melhorar em 2021: Integrar-se mais aos Princípios Passos Mágicos.
ALUNO-757,Seu destaque em 2020: A sua boa integração aos Princípios Passos Mágicos.
ALUNO-758,Seu destaque em 2020: A sua boa integração aos Princípios Passos Mágicos.
ALUNO-759,
ALUNO-760,Seu destaque em 2020: A sua boa integração aos Princípios Passos Mágicos.
ALUNO-761,
ALUNO-762,
ALUNO-763,
ALUNO-764,
ALUNO-765,
ALUNO-766,Ponto a melhorar em 2021: Integrar-se mais aos Princípios Passos Mágicos.
ALUNO-767,Seu destaque em 2020: A sua boa integração aos Princípios Passos Mágicos.
ALUNO-768,Ponto a melhorar em 2021: Integrar-se mais aos Princípios Passos Mágicos.
ALUNO-769,
ALUNO-770,
ALUNO-771,
ALUNO-772,
ALUNO-773,Ponto a melhorar em 2021: Integrar-se mais aos Princípios Passos Mágicos.
ALUNO-774,
ALUNO-775,
ALUNO-776,Ponto a melhorar em 2021: Integrar-se mais aos Princípios Passos Mágicos.
ALUNO-777,Ponto a melhorar em 2021: Integrar-se mais aos Princípios Passos Mágicos.
ALUNO-778,
ALUNO-779,Seu destaque em 2020: A sua boa integração aos Princípios Passos Mágicos.
ALUNO-780,Seu destaque em 2020: A sua boa integração aos Princípios Passos Mágicos.
ALUNO-781,
ALUNO-782,Seu destaque em 2020: A sua boa integração aos Princípios Passos Mágicos.
ALUNO-783,Ponto a melhorar em 2021: Integrar-se mais aos Princípios Passos Mágicos.
ALUNO-784,
ALUNO-785,Seu destaque em 2020: A sua boa integração aos Princípios Passos Mágicos.
ALUNO-786,Ponto a melhorar em 2021: Integrar-se mais aos Princípios Passos Mágicos.
ALUNO-787,
ALUNO-788,
ALUNO-789,Ponto a melhorar em 2021: Integrar-se mais aos Princípios Passos Mágicos.
ALUNO-790,Seu destaque em 2020: A sua boa integração aos Princípios Passos Mágicos.
ALUNO-791,
ALUNO-792,Ponto a melhorar em 2021: Integrar-se mais aos Princípios Passos Mágicos.
ALUNO-793,Ponto a melhorar em 2021: Integrar-se mais aos Princípios Passos Mágicos.
ALUNO-794,Seu destaque em 2020: A sua boa integração aos Princípios Passos Mágicos.
ALUNO-795,Ponto a melhorar em 2021: Integrar-se mais aos Princípios Passos Mágicos.
ALUNO-796,Seu destaque em 2020: A sua boa integração aos Princípios Passos Mágicos.
ALUNO-797,Ponto a melhorar em 2021: Integrar-se mais aos Princípios Passos Mágicos.
ALUNO-798,
ALUNO-799,
ALUNO-800,
ALUNO-801,
ALUNO-802,
ALUNO-803,Seu destaque em 2020: A sua boa integração aos Princípios Passos Mágicos.
ALUNO-804,
ALUNO-805,
ALUNO-806,
ALUNO-807,Seu destaque em 2020: A sua boa integração aos Princípios Passos Mágicos.
ALUNO-808,
ALUNO-809,
ALUNO-810,
ALUNO-811,Seu destaque em 2020: A sua boa integração aos Princípios Passos Mágicos.
ALUNO-812,
ALUNO-813,Seu destaque em 2020: A sua boa integração aos Princípios Passos Mágicos.
ALUNO-814,Ponto a melhorar em 2021: Integrar-se mais aos Princípios Passos Mágicos.
ALUNO-815,
ALUNO-816,
ALUNO-817,Seu destaque em 2020: A sua boa integração aos Princípios Passos Mágicos.
ALUNO-818,
ALUNO-819,
ALUNO-820,Seu destaque em 2020: A sua boa integração aos Princípios Passos Mágicos.
ALUNO-821,Ponto a melhorar em 2021: Integrar-se mais aos Princípios Passos Mágicos.
ALUNO-822,
ALUNO-823,Ponto a melhorar em 2021: Integrar-se mais aos Princípios Passos Mágicos.
ALUNO-824,Ponto a melhorar em 2021: Integrar-se mais aos Princípios Passos Mágicos.
ALUNO-825,Seu destaque em 2020: A sua boa integração aos Princípios Passos Mágicos.
ALUNO-826,Seu destaque em 2020: A sua boa integração aos Princípios Passos Mágicos.
ALUNO-827,
ALUNO-828,Ponto a melhorar em 2021: Integrar-se mais aos Princípios Passos Mágicos.
ALUNO-829,Seu destaque em 2020: A sua boa integração aos Princípios Passos Mágicos.
ALUNO-830,Seu destaque em 2020: A sua boa integração aos Princípios Passos Mágicos.
ALUNO-831,Ponto a melhorar em 2021: Integrar-se mais aos Princípios Passos Mágicos.
ALUNO-832,
ALUNO-833,
ALUNO-834,
ALUNO-835,Seu destaque em 2020: A sua boa integração aos Princípios Passos Mágicos.
ALUNO-836,
ALUNO-837,Seu destaque em 2020: A sua boa integração aos Princípios Passos Mágicos.
ALUNO-838,Seu destaque em 2020: A sua boa integração aos Princípios Passos Mágicos.
ALUNO-839,
ALUNO-840,Seu destaque em 2020: A sua boa integração aos Princípios Passos Mágicos.
ALUNO-841,
ALUNO-842,Seu destaque em 2020: A sua boa integração aos Princípios Passos Mágicos.
ALUNO-843,
ALUNO-844,
ALUNO-845,
ALUNO-846,Seu destaque em 2020: A sua boa integração aos Princípios Passos Mágicos.
ALUNO-847,
ALUNO-848,Ponto a melhorar em 2021: Integrar-se mais aos Princípios Passos Mágicos.
ALUNO-849,Ponto a melhorar em 2021: Integrar-se mais aos Princípios Passos Mágicos.
ALUNO-850,Seu destaque em 2020: A sua boa integração aos Princípios Passos Mágicos.
ALUNO-851,Ponto a melhorar em 2021: Integrar-se mais aos Princípios Passos Mágicos.
ALUNO-852,
ALUNO-853,
ALUNO-854,
ALUNO-855,Ponto a melhorar em 2021: Integrar-se mais aos Princípios Passos Mágicos.
ALUNO-856,
ALUNO-857,
ALUNO-858,Ponto a melhorar em 2021: Integrar-se mais aos Princípios Passos Mágicos.
ALUNO-859,
ALUNO-860,Ponto a melhorar em 2021: Integrar-se mais aos Princípios Passos Mágicos.
ALUNO-861,Ponto a melhorar em 2021: Integrar-se mais aos Princípios Passos Mágicos.
ALUNO-862,Ponto a melhorar em 2021: Integrar-se mais aos Princípios Passos Mágicos.
ALUNO-863,
ALUNO-864,
ALUNO-865,
ALUNO-866,Seu destaque em 2020: A sua boa integração aos Princípios Passos Mágicos.
ALUNO-867,
ALUNO-868,
ALUNO-869,
ALUNO-870,
ALUNO-871,
ALUNO-872,Ponto a melhorar em 2021: Integrar-se mais aos Princípios Passos Mágicos.
ALUNO-873,Ponto a melhorar em 2021: Integrar-se mais aos Princípios Passos Mágicos.
ALUNO-874,Seu destaque em 2020: A sua boa integração aos Princípios Passos Mágicos.
ALUNO-875,
ALUNO-876,
ALUNO-877,Ponto a melhorar em 2021: Integrar-se mais aos Princípios Passos Mágicos.
ALUNO-878,
ALUNO-879,
ALUNO-880,Ponto a melhorar em 2021: Integrar-se mais aos Princípios Passos Mágicos.
ALUNO-881,
ALUNO-882,
ALUNO-883,
ALUNO-884,
ALUNO-885,
ALUNO-886,Seu destaque em 2020: A sua boa integração aos Princípios Passos Mágicos.
ALUNO-887,
ALUNO-888,Seu destaque em 2020: A sua boa integração aos Princípios Passos Mágicos.
ALUNO-889,Ponto a melhorar em 2021: Integrar-se mais aos Princípios Passos Mágicos.
ALUNO-890,Ponto a melhorar em 2021: Integrar-se mais aos Princípios Passos Mágicos.
ALUNO-891,
ALUNO-892,Ponto a melhorar em 2021: Integrar-se mais aos Princípios Passos Mágicos.
ALUNO-893,
ALUNO-894,Seu destaque em 2020: A sua boa integração aos Princípios Passos Mágicos.
ALUNO-895,
ALUNO-896,
ALUNO-897,
ALUNO-898,Ponto a melhorar em 2021: Integrar-se mais aos Princípios Passos Mágicos.
ALUNO-899,Ponto a melhorar em 2021: Integrar-se mais aos Princípios Passos Mágicos.
ALUNO-900,
ALUNO-901,
ALUNO-902,Seu destaque em 2020: A sua boa integração aos Princípios Passos Mágicos.
ALUNO-903,Seu destaque em 2020: A sua boa integração aos Princípios Passos Mágicos.
ALUNO-904,Seu destaque em 2020: A sua boa integração aos Princípios Passos Mágicos.
ALUNO-905,
ALUNO-906,Ponto a melhorar em 2021: Integrar-se mais aos Princípios Passos Mágicos.
ALUNO-907,Seu destaque em 2020: A sua boa integração aos Princípios Passos Mágicos.
ALUNO-908,Ponto a melhorar em 2021: Integrar-se mais aos Princípios Passos Mágicos.
ALUNO-909,Ponto a melhorar em 2021: Integrar-se mais aos Princípios Passos Mágicos.
ALUNO-910,Ponto a melhorar em 2021: Integrar-se mais aos Princípios Passos Mágicos.
ALUNO-911,Ponto a melhorar em 2021: Integrar-se mais aos Princípios Passos Mágicos.
ALUNO-912,Ponto a melhorar em 2021: Integrar-se mais aos Princípios Passos Mágicos.
ALUNO-913,
ALUNO-914,
ALUNO-915,
ALUNO-916,Seu destaque em 2020: A sua boa integração aos Princípios Passos Mágicos.
ALUNO-917,
ALUNO-918,
ALUNO-919,Seu destaque em 2020: A sua boa integração aos Princípios Passos Mágicos.
ALUNO-920,Ponto a melhorar em 2021: Integrar-se mais aos Princípios Passos Mágicos.
ALUNO-921,
ALUNO-922,Seu destaque em 2020: A sua boa integração aos Princípios Passos Mágicos.
ALUNO-923,Seu destaque em 2020: A sua boa integração aos Princípios Passos Mágicos.
ALUNO-924,
ALUNO-925,
ALUNO-926,Ponto a melhorar em 2021: Integrar-se mais aos Princípios Passos Mágicos.
ALUNO-927,Seu destaque em 2020: A sua boa integração aos Princípios Passos Mágicos.
ALUNO-928,Seu destaque em 2020: A sua boa integração aos Princípios Passos Mágicos.
ALUNO-929,Seu destaque em 2020: A sua boa integração aos Princípios Passos Mágicos.
ALUNO-930,Ponto a melhorar em 2021: Integrar-se mais aos Princípios Passos Mágicos.
ALUNO-931,Ponto a melhorar em 2021: Integrar-se mais aos Princípios Passos Mágicos.
ALUNO-932,Ponto a melhorar em 2021: Integrar-se mais aos Princípios Passos Mágicos.
ALUNO-933,
ALUNO-934,
ALUNO-935,Seu destaque em 2020: A sua boa integração aos Princípios Passos Mágicos.
ALUNO-936,
ALUNO-937,Ponto a melhorar em 2021: Integrar-se mais aos Princípios Passos Mágicos.
ALUNO-938,Seu destaque em 2020: A sua boa integração aos Princípios Passos Mágicos.
ALUNO-939,
ALUNO-940,Ponto a melhorar em 2021: Integrar-se mais aos Princípios Passos Mágicos.
ALUNO-941,
ALUNO-942,Seu destaque em 2020: A sua boa integração aos Princípios Passos Mágicos.
ALUNO-943,Seu destaque em 2020: A sua boa integração aos Princípios Passos Mágicos.
ALUNO-944,Ponto a melhorar em 2021: Integrar-se mais aos Princípios Passos Mágicos.
ALUNO-945,
ALUNO-946,
ALUNO-947,
ALUNO-948,Ponto a melhorar em 2021: Integrar-se mais aos Princípios Passos Mágicos.
ALUNO-949,
ALUNO-950,Seu destaque em 2020: A sua boa integração aos Princípios Passos Mágicos.
ALUNO-951,Ponto a melhorar em 2021: Integrar-se mais aos Princípios Passos Mágicos.
ALUNO-952,
ALUNO-953,
ALUNO-954,
ALUNO-955,
ALUNO-956,
ALUNO-957,Ponto a melhorar em 2021: Integrar-se mais aos Princípios Passos Mágicos.
ALUNO-958,Ponto a melhorar em 2021: Integrar-se mais aos Princípios Passos Mágicos.
ALUNO-959,
ALUNO-960,
ALUNO-961,Seu destaque em 2020: A sua boa integração aos Princípios Passos Mágicos.
ALUNO-962,Seu destaque em 2020: A sua boa integração aos Princípios Passos Mágicos.
ALUNO-963,
ALUNO-964,Ponto a melhorar em 2021: Integrar-se mais aos Princípios Passos Mágicos.
ALUNO-965,Ponto a melhorar em 2021: Integrar-se mais aos Princípios Passos Mágicos.
ALUNO-966,
ALUNO-967,
ALUNO-968,Ponto a melhorar em 2021: Integrar-se mais aos Princípios Passos Mágicos.
ALUNO-969,
ALUNO-970,Ponto a melhorar em 2021: Integrar-se mais aos Princípios Passos Mágicos.
ALUNO-971,
ALUNO-972,
ALUNO-973,Seu destaque em 2020: A sua boa integração aos Princípios Passos Mágicos.
ALUNO-974,
ALUNO-975,
ALUNO-976,
ALUNO-977,
ALUNO-978,
ALUNO-979,
ALUNO-980,
ALUNO-981,
ALUNO-982,
ALUNO-983,Seu destaque em 2020: A sua boa integração aos Princípios Passos Mágicos.
ALUNO-984,Ponto a melhorar em 2021: Integrar-se mais aos Princípios Passos Mágicos.
ALUNO-985,
ALUNO-986,Seu destaque em 2020: A sua boa integração aos Princípios Passos Mágicos.
ALUNO-987,
ALUNO-988,
ALUNO-989,Ponto a melhorar em 2021: Integrar-se mais aos Princípios Passos Mágicos.
ALUNO-990,
ALUNO-991,Seu destaque em 2020: A sua boa integração aos Princípios Passos Mágicos.
ALUNO-992,Ponto a melhorar em 2021: Integrar-se mais aos Princípios Passos Mágicos.
ALUNO-993,Seu destaque em 2020: A sua boa integração aos Princípios Passos Mágicos.
ALUNO-994,Seu destaque em 2020: A sua boa integração aos Princípios Passos Mágicos.
ALUNO-995,
ALUNO-996,Seu destaque em 2020: A sua boa integração aos Princípios Passos Mágicos.
ALUNO-997,Seu destaque em 2020: A sua boa integração aos Princípios Passos Mágicos.
ALUNO-998,
ALUNO-999,Seu destaque em 2020: A sua boa integração aos Princípios Passos Mágicos.
ALUNO-1000,
ALUNO-1001,
ALUNO-1002,Ponto a melhorar em 2021: Integrar-se mais aos Princípios Passos Mágicos.
ALUNO-1003,Ponto a melhorar em 2021: Integrar-se mais aos Princípios Passos Mágicos.
ALUNO-1004,Seu destaque em 2020: A sua boa integração aos Princípios Passos Mágicos.
ALUNO-1005,
ALUNO-1006,Ponto a melhorar em 2021: Integrar-se mais aos Princípios Passos Mágicos.
ALUNO-1007,Seu destaque em 2020: A sua boa integração aos Princípios Passos Mágicos.
ALUNO-1008,
ALUNO-1009,
ALUNO-1010,Seu destaque em 2020: A sua boa integração aos Princípios Passos Mágicos.
ALUNO-1011,
ALUNO-1012,Seu destaque em 2020: A sua boa integração aos Princípios Passos Mágicos.
ALUNO-1013,
ALUNO-1014,Ponto a melhorar em 2021: Integrar-se mais aos Princípios Passos Mágicos.
ALUNO-1015,Seu destaque em 2020: A sua boa integração aos Princípios Passos Mágicos.
ALUNO-1016,Ponto a melhorar em 2021: Integrar-se mais aos Princípios Passos Mágicos.
ALUNO-1017,Seu destaque em 2020: A sua boa integração aos Princípios Passos Mágicos.
ALUNO-1018,Ponto a melhorar em 2021: Integrar-se mais aos Princípios Passos Mágicos.
ALUNO-1019,Ponto a melhorar em 2021: Integrar-se mais aos Princípios Passos Mágicos.
ALUNO-1020,
ALUNO-1021,Ponto a melhorar em 2021: Integrar-se mais aos Princípios Passos Mágicos.
ALUNO-1022,Seu destaque em 2020: A sua boa integração aos Princípios Passos Mágicos.
ALUNO-1023,
ALUNO-1024,Ponto a melhorar em 2021: Integrar-se mais aos Princípios Passos Mágicos.
ALUNO-1025,
ALUNO-1026,
ALUNO-1027,Seu destaque em 2020: A sua boa integração aos Princípios Passos Mágicos.
ALUNO-1028,Ponto a melhorar em 2021: Integrar-se mais aos Princípios Passos Mágicos.
ALUNO-1029,Ponto a melhorar em 2021: Integrar-se mais aos Princípios Passos Mágicos.
ALUNO-1030,
ALUNO-1031,Seu destaque em 2020: A sua boa integração aos Princípios Passos Mágicos.
ALUNO-1032,
ALUNO-1033,
ALUNO-1034,Seu destaque em 2020: A sua boa integração aos Princípios Passos Mágicos.
ALUNO-1035,Ponto a melhorar em 2021: Integrar-se mais aos Princípios Passos Mágicos.
ALUNO-1036,Ponto a melhorar em 2021: Integrar-se mais aos Princípios Passos Mágicos.
ALUNO-1037,
ALUNO-1038,
ALUNO-1039,
ALUNO-1040,
ALUNO-1041,Seu destaque em 2020: A sua boa integração aos Princípios Passos Mágicos.
ALUNO-1042,
ALUNO-1043,
ALUNO-1044,
ALUNO-1045,
ALUNO-1046,Ponto a melhorar em 2021: Integrar-se mais aos Princípios Passos Mágicos.
ALUNO-1047,Seu destaque em 2020: A sua boa integração aos Princípios Passos Mágicos.
ALUNO-1048,
ALUNO-1049,
ALUNO-1050,
ALUNO-1051,Seu destaque em 2020: A sua boa integração aos Princípios Passos Mágicos.
ALUNO-1052,
ALUNO-1053,
ALUNO-1054,
ALUNO-1055,
ALUNO-1056,Ponto a melhorar em 2021: Integrar-se mais aos Princípios Passos Mágicos.
ALUNO-1057,
ALUNO-1058,
ALUNO-1059,
ALUNO-1060,
ALUNO-1061,Ponto a melhorar em 2021: Integrar-se mais aos Princípios Passos Mágicos.
ALUNO-1062,
ALUNO-1063,
ALUNO-1064,
ALUNO-1065,
ALUNO-1066,
ALUNO-1067,Ponto a melhorar em 2021: Integrar-se mais aos Princípios Passos Mágicos.
ALUNO-1068,
ALUNO-1069,
ALUNO-1070,Ponto a melhorar em 2021: Integrar-se mais aos Princípios Passos Mágicos.
ALUNO-1071,
ALUNO-1072,Seu destaque em 2020: A sua boa integração aos Princípios Passos Mágicos.
ALUNO-1073,
ALUNO-1074,
ALUNO-1075,Seu destaque em 2020: A sua boa integração aos Princípios Passos Mágicos.
ALUNO-1076,
ALUNO-1077,Seu destaque em 2020: A sua boa integração aos Princípios Passos Mágicos.
ALUNO-1078,Ponto a melhorar em 2021: Integrar-se mais aos Princípios Passos Mágicos.
ALUNO-1079,Ponto a melhorar em 2021: Integrar-se mais aos Princípios Passos Mágicos.
ALUNO-1080,
ALUNO-1081,Ponto a melhorar em 2021: Integrar-se mais aos Princípios Passos Mágicos.
ALUNO-1082,
ALUNO-1083,
ALUNO-1084,Seu destaque em 2020: A sua boa integração aos Princípios Passos Mágicos.
ALUNO-1085,Ponto a melhorar em 2021: Integrar-se mais aos Princípios Passos Mágicos.
ALUNO-1086,
ALUNO-1087,Seu destaque em 2020: A sua boa integração aos Princípios Passos Mágicos.
ALUNO-1088,Ponto a melhorar em 2021: Integrar-se mais aos Princípios Passos Mágicos.
ALUNO-1089,Ponto a melhorar em 2021: Integrar-se mais aos Princípios Passos Mágicos.
ALUNO-1090,Ponto a melhorar em 2021: Integrar-se mais aos Princípios Passos Mágicos.
ALUNO-1091,
ALUNO-1092,Seu destaque em 2020: A sua boa integração aos Princípios Passos Mágicos.
ALUNO-1093,Ponto a melhorar em 2021: Integrar-se mais aos Princípios Passos Mágicos.
ALUNO-1094,Ponto a melhorar em 2021: Integrar-se mais aos Princípios Passos Mágicos.
ALUNO-1095,Seu destaque em 2020: A sua boa integração aos Princípios Passos Mágicos.
ALUNO-1096,
ALUNO-1097,Seu destaque em 2020: A sua boa integração aos Princípios Passos Mágicos.
ALUNO-1098,
ALUNO-1099,
ALUNO-1100,
ALUNO-1101,
ALUNO-1102,
ALUNO-1103,Ponto a melhorar em 2021: Integrar-se mais aos Princípios Passos Mágicos.
ALUNO-1104,
ALUNO-1105,Ponto a melhorar em 2021: Integrar-se mais aos Princípios Passos Mágicos.
ALUNO-1106,Ponto a melhorar em 2021: Integrar-se mais aos Princípios Passos Mágicos.
ALUNO-1107,
ALUNO-1108,
ALUNO-1109,
ALUNO-1110,Ponto a melhorar em 2021: Integrar-se mais aos Princípios Passos Mágicos.
ALUNO-1111,
ALUNO-1112,Seu destaque em 2020: A sua boa integração aos Princípios Passos Mágicos.
ALUNO-1113,
ALUNO-1114,
ALUNO-1115,
ALUNO-1116,
ALUNO-1117,
ALUNO-1118,
ALUNO-1119,Seu destaque em 2020: A sua boa integração aos Princípios Passos Mágicos.
ALUNO-1120,
ALUNO-1121,
ALUNO-1122,
ALUNO-1123,Ponto a melhorar em 2021: Integrar-se mais aos Princípios Passos Mágicos.
ALUNO-1124,
ALUNO-1125,
ALUNO-1126,
ALUNO-1127,Ponto a melhorar em 2021: Integrar-se mais aos Princípios Passos Mágicos.
ALUNO-1128,Seu destaque em 2020: A sua boa integração aos Princípios Passos Mágicos.
ALUNO-1129,Seu destaque em 2020: A sua boa integração aos Princípios Passos Mágicos.
ALUNO-1130,Seu destaque em 2020: A sua boa integração aos Princípios Passos Mágicos.
ALUNO-1131,Seu destaque em 2020: A sua boa integração aos Princípios Passos Mágicos.
ALUNO-1132,Ponto a melhorar em 2021: Integrar-se mais aos Princípios Passos Mágicos.
ALUNO-1133,Ponto a melhorar em 2021: Integrar-se mais aos Princípios Passos Mágicos.
ALUNO-1134,Seu destaque em 2020: A sua boa integração aos Princípios Passos Mágicos.
ALUNO-1135,
ALUNO-1136,Seu destaque em 2020: A sua boa integração aos Princípios Passos Mágicos.
ALUNO-1137,
ALUNO-1138,
ALUNO-1139,Ponto a melhorar em 2021: Integrar-se mais aos Princípios Passos Mágicos.
ALUNO-1140,
ALUNO-1141,Ponto a melhorar em 2021: Integrar-se mais aos Princípios Passos Mágicos.
ALUNO-1142,Ponto a melhorar em 2021: Integrar-se mais aos Princípios Passos Mágicos.
ALUNO-1143,
ALUNO-1144,
ALUNO-1145,Ponto a melhorar em 2021: Integrar-se mais aos Princípios Passos Mágicos.
ALUNO-1146,
ALUNO-1147,
ALUNO-1148,Ponto a melhorar em 2021: Integrar-se mais aos Princípios Passos Mágicos.
ALUNO-1149,Ponto a melhorar em 2021: Integrar-se mais aos Princípios Passos Mágicos.
ALUNO-1150,Seu destaque em 2020: A sua boa integração aos Princípios Passos Mágicos.
ALUNO-1151,
ALUNO-1152,
ALUNO-1153,
ALUNO-1154,
ALUNO-1155,
ALUNO-1156,Seu destaque em 2020: A sua boa integração aos Princípios Passos Mágicos.
ALUNO-1157,
ALUNO-1158,
ALUNO-1159,Ponto a melhorar em 2021: Integrar-se mais aos Princípios Passos Mágicos.
ALUNO-1160,
ALUNO-1161,Ponto a melhorar em 2021: Integrar-se mais aos Princípios Passos Mágicos.
ALUNO-1162,
ALUNO-1163,
ALUNO-1164,
ALUNO-1165,Ponto a melhorar em 2021: Integrar-se mais aos Princípios Passos Mágicos.
ALUNO-1166,Ponto a melhorar em 2021: Integrar-se mais aos Princípios Passos Mágicos.
ALUNO-1167,Seu destaque em 2020: A sua boa integração aos Princípios Passos Mágicos.
ALUNO-1168,Ponto a melhorar em 2021: Integrar-se mais aos Princípios Passos Mágicos.
ALUNO-1169,
ALUNO-1170,Seu destaque em 2020: A sua boa integração aos Princípios Passos Mágicos.
ALUNO-1171,Seu destaque em 2020: A sua boa integração aos Princípios Passos Mágicos.
ALUNO-1172,Ponto a melhorar em 2021: Integrar-se mais aos Princípios Passos Mágicos.
ALUNO-1173,Seu destaque em 2020: A sua boa integração aos Princípios Passos Mágicos.
ALUNO-1174,Seu destaque em 2020: A sua boa integração aos Princípios Passos Mágicos.
ALUNO-1175,Ponto a melhorar em 2021: Integrar-se mais aos Princípios Passos Mágicos.
ALUNO-1176,Seu destaque em 2020: A sua boa integração aos Princípios Passos Mágicos.
ALUNO-1177,
ALUNO-1178,Ponto a melhorar em 2021: Integrar-se mais aos Princípios Passos Mágicos.
ALUNO-1179,
ALUNO-1180,
ALUNO-1181,Ponto a melhorar em 2021: Integrar-se mais aos Princípios Passos Mágicos.
ALUNO-1182,
ALUNO-1183,
ALUNO-1184,
ALUNO-1185,
ALUNO-1186,
ALUNO-1187,Ponto a melhorar em 2021: Integrar-se mais aos Princípios Passos Mágicos.
ALUNO-1188,Seu destaque em 2020: A sua boa integração aos Princípios Passos Mágicos.
ALUNO-1189,
ALUNO-1190,Seu destaque em 2020: A sua boa integração aos Princípios Passos Mágicos.
ALUNO-1191,Seu destaque em 2020: A sua boa integração aos Princípios Passos Mágicos.
ALUNO-1192,
ALUNO-1193,Seu destaque em 2020: A sua boa integração aos Princípios Passos Mágicos.
ALUNO-1194,
ALUNO-1195,Seu destaque em 2020: A sua boa integração aos Princípios Passos Mágicos.
ALUNO-1196,
ALUNO-1197,Seu destaque em 2020: A sua boa integração aos Princípios Passos Mágicos.
ALUNO-1198,Ponto a melhorar em 2021: Integrar-se mais aos Princípios Passos Mágicos.
ALUNO-1199,
ALUNO-1200,Seu destaque em 2020: A sua boa integração aos Princípios Passos Mágicos.
ALUNO-1201,
ALUNO-1202,
ALUNO-1203,
ALUNO-1204,
ALUNO-1205,Seu destaque em 2020: A sua boa integração aos Princípios Passos Mágicos.
ALUNO-1206,
ALUNO-1207,
ALUNO-1208,
ALUNO-1209,
ALUNO-1210,
ALUNO-1211,
ALUNO-1212,
ALUNO-1213,
ALUNO-1214,
ALUNO-1215,Ponto a melhorar em 2021: Integrar-se mais aos Princípios Passos Mágicos.
ALUNO-1216,
ALUNO-1217,Seu destaque em 2020: A sua boa integração aos Princípios Passos Mágicos.
ALUNO-1218,Seu destaque em 2020: A sua boa integração aos Princípios Passos Mágicos.
ALUNO-1219,Seu destaque em 2020: A sua boa integração aos Princípios Passos Mágicos.
ALUNO-1220,
ALUNO-1221,
ALUNO-1222,Seu destaque em 2020: A sua boa integração aos Princípios Passos Mágicos.
ALUNO-1223,Ponto a melhorar em 2021: Integrar-se mais aos Princípios Passos Mágicos.
ALUNO-1224,
ALUNO-1225,Ponto a melhorar em 2021: Integrar-se mais aos Princípios Passos Mágicos.
ALUNO-1226,Ponto a melhorar em 2021: Integrar-se mais aos Princípios Passos Mágicos.
ALUNO-1227,
ALUNO-1228,Seu destaque em 2020: A sua boa integração aos Princípios Passos Mágicos.
ALUNO-1229,Seu destaque em 2020: A sua boa integração aos Princípios Passos Mágicos.
ALUNO-1230,Seu destaque em 2020: A sua boa integração aos Princípios Passos Mágicos.
ALUNO-1231,Ponto a melhorar em 2021: Integrar-se mais aos Princípios Passos Mágicos.
ALUNO-1232,Ponto a melhorar em 2021: Integrar-se mais aos Princípios Passos Mágicos.
ALUNO-1233,
ALUNO-1234,
ALUNO-1235,
ALUNO-1236,
ALUNO-1237,Ponto a melhorar em 2021: Integrar-se mais aos Princípios Passos Mágicos.
ALUNO-1238,Seu destaque em 2020: A sua boa integração aos Princípios Passos Mágicos.
ALUNO-1239,
ALUNO-1240,
ALUNO-1241,Seu destaque em 2020: A sua boa integração aos Princípios Passos Mágicos.
ALUNO-1242,
ALUNO-1243,
ALUNO-1244,Seu destaque em 2020: A sua boa integração aos Princípios Passos Mágicos.
ALUNO-1245,
ALUNO-1246,
ALUNO-1247,
ALUNO-1248,Seu destaque em 2020: A sua boa integração aos Princípios Passos Mágicos.
ALUNO-1249,Seu destaque em 2020: A sua boa integração aos Princípios Passos Mágicos.
ALUNO-1250,Seu destaque em 2020: A sua boa integração aos Princípios Passos Mágicos.
ALUNO-1251,Ponto a melhorar em 2021: Integrar-se mais aos Princípios Passos Mágicos.
ALUNO-1252,Seu destaque em 2020: A sua boa integração aos Princípios Passos Mágicos.
ALUNO-1253,Ponto a melhorar em 2021: Integrar-se mais aos Princípios Passos Mágicos.
ALUNO-1254,Ponto a melhorar em 2021: Integrar-se mais aos Princípios Passos Mágicos.
ALUNO-1255,
ALUNO-1256,Ponto a melhorar em 2021: Integrar-se mais aos Princípios Passos Mágicos.
ALUNO-1257,Ponto a melhorar em 2021: Integrar-se mais aos Princípios Passos Mágicos.
ALUNO-1258,
ALUNO-1259,
ALUNO-1260,Ponto a melhorar em 2021: Integrar-se mais aos Princípios Passos Mágicos.
ALUNO-1261,Seu destaque em 2020: A sua boa integração aos Princípios Passos Mágicos.
ALUNO-1262,Ponto a melhorar em 2021: Integrar-se mais aos Princípios Passos Mágicos.
ALUNO-1263,
ALUNO-1264,Ponto a melhorar em 2021: Integrar-se mais aos Princípios Passos Mágicos.
ALUNO-1265,Ponto a melhorar em 2021: Integrar-se mais aos Princípios Passos Mágicos.
ALUNO-1266,Ponto a melhorar em 2021: Integrar-se mais aos Princípios Passos Mágicos.
ALUNO-1267,
ALUNO-1268,
ALUNO-1269,
ALUNO-1270,Seu destaque em 2020: A sua boa integração aos Princípios Passos Mágicos.
ALUNO-1271,
ALUNO-1272,
ALUNO-1273,
ALUNO-1274,Ponto a melhorar em 2021: Integrar-se mais aos Princípios Passos Mágicos.
ALUNO-1275,Seu destaque em 2020: A sua boa integração aos Princípios Passos Mágicos.
ALUNO-1276,
ALUNO-1277,Seu destaque em 2020: A sua boa integração aos Princípios Passos Mágicos.
ALUNO-1278,Ponto a melhorar em 2021: Integrar-se mais aos Princípios Passos Mágicos.
ALUNO-1279,
ALUNO-1280,
ALUNO-1281,Seu destaque em 2020: A sua boa integração aos Princípios Passos Mágicos.
ALUNO-1282,Seu destaque em 2020: A sua boa integração aos Princípios Passos Mágicos.
ALUNO-1283,
ALUNO-1284,Ponto a melhorar em 2021: Integrar-se mais aos Princípios Passos Mágicos.
ALUNO-1285,Seu destaque em 2020: A sua boa integração aos Princípios Passos Mágicos.
ALUNO-1286,
ALUNO-1287,Ponto a melhorar em 2021: Integrar-se mais aos Princípios Passos Mágicos.
ALUNO-1288,Seu destaque em 2020: A sua boa integração aos Princípios Passos Mágicos.
ALUNO-1289,Ponto a melhorar em 2021: Integrar-se mais aos Princípios Passos Mágicos.
ALUNO-1290,
ALUNO-1291,Seu destaque em 2020: A sua boa integração aos Princípios Passos Mágicos.
ALUNO-1292,Seu destaque em 2020: A sua boa integração aos Princípios Passos Mágicos.
ALUNO-1293,Ponto a melhorar em 2021: Integrar-se mais aos Princípios Passos Mágicos.
ALUNO-1294,Seu destaque em 2020: A sua boa integração aos Princípios Passos Mágicos.
ALUNO-1295,
ALUNO-1296,Ponto a melhorar em 2021: Integrar-se mais aos Princípios Passos Mágicos.
ALUNO-1297,Ponto a melhorar em 2021: Integrar-se mais aos Princípios Passos Mágicos.
ALUNO-1298,Seu destaque em 2020: A sua boa integração aos Princípios Passos Mágicos.
ALUNO-1299,Seu destaque em 2020: A sua boa integração aos Princípios Passos Mágicos.
ALUNO-1300,
ALUNO-1301,
ALUNO-1302,Ponto a melhorar em 2021: Integrar-se mais aos Princípios Passos Mágicos.
ALUNO-1303,Ponto a melhorar em 2021: Integrar-se mais aos Princípios Passos Mágicos.
ALUNO-1304,
ALUNO-1305,
ALUNO-1306,
ALUNO-1307,
ALUNO-1308,
ALUNO-1309,Seu destaque em 2020: A sua boa integração aos Princípios Passos Mágicos.
ALUNO-1310,
ALUNO-1311,
ALUNO-1312,
ALUNO-1313,Ponto a melhorar em 2021: Integrar-se mais aos Princípios Passos Mágicos.
ALUNO-1314,
ALUNO-1315,Ponto a melhorar em 2021: Integrar-se mais aos Princípios Passos Mágicos.
ALUNO-1316,Ponto a melhorar em 2021: Integrar-se mais aos Princípios Passos Mágicos.
ALUNO-1317,
ALUNO-1318,
ALUNO-1319,Ponto a melhorar em 2021: Integrar-se mais aos Princípios Passos Mágicos.
ALUNO-1320,
ALUNO-1321,
ALUNO-1322,
ALUNO-1323,Ponto a melhorar em 2021: Integrar-se mais aos Princípios Passos Mágicos.
ALUNO-1324,Ponto a melhorar em 2021: Integrar-se mais aos Princípios Passos Mágicos.
ALUNO-1325,Ponto a melhorar em 2021: Integrar-se mais aos Princípios Passos Mágicos.
ALUNO-1326,
ALUNO-1327,
ALUNO-1328,Seu destaque em 2020: A sua boa integração aos Princípios Passos Mágicos.
ALUNO-1329,
ALUNO-1330,
ALUNO-1331,
ALUNO-1332,
ALUNO-1333,
ALUNO-1334,
ALUNO-1335,
ALUNO-1336,Ponto a melhorar em 2021: Integrar-se mais aos Princípios Passos Mágicos.
ALUNO-1337,
ALUNO-1338,Ponto a melhorar em 2021: Integrar-se mais aos Princípios Passos Mágicos.
ALUNO-1339,Ponto a melhorar em 2021: Integrar-se mais aos Princípios Passos Mágicos.
ALUNO-1340,
ALUNO-1341,Seu destaque em 2020: A sua boa integração aos Princípios Passos Mágicos.
ALUNO-1342,
ALUNO-1343,Seu destaque em 2020: A sua boa integração aos Princípios Passos Mágicos.
ALUNO-1344,Ponto a melhorar em 2021: Integrar-se mais aos Princípios Passos Mágicos.
ALUNO-1345,
ALUNO-1346,
ALUNO-1347,Seu destaque em 2020: A sua boa integração aos Princípios Passos Mágicos.
ALUNO-1348,Seu destaque em 2020: A sua boa integração aos Princípios Passos Mágicos.
ALUNO-1349,